"store_type","total_sales","percentage_of_total_sales","order_count"
"Local","4201732.46","65.0141599938413033","78429"
"Mall Kiosk","706188.71","10.9269845747828499","13151"
"Outlet","508411.37","7.8667403187941311","9214"
"Super Store","1045395.58","16.1755933158520344","19286"
"Web Portal","1067.77","0.01652179672968133920","43"
